"STATION","DATE","LATITUDE","LONGITUDE","ELEVATION","NAME","REPORT_TYPE","SOURCE","HourlyAltimeterSetting","HourlyDewPointTemperature","HourlyDryBulbTemperature","HourlyPrecipitation","HourlyPresentWeatherType","HourlyPressureChange","HourlyPressureTendency","HourlyRelativeHumidity","HourlySkyConditions","HourlySeaLevelPressure","HourlyStationPressure","HourlyVisibility","HourlyWetBulbTemperature","HourlyWindDirection","HourlyWindGustSpeed","HourlyWindSpeed","Sunrise","Sunset","DailyAverageDewPointTemperature","DailyAverageDryBulbTemperature","DailyAverageRelativeHumidity","DailyAverageSeaLevelPressure","DailyAverageStationPressure","DailyAverageWetBulbTemperature","DailyAverageWindSpeed","DailyCoolingDegreeDays","DailyDepartureFromNormalAverageTemperature","DailyHeatingDegreeDays","DailyMaximumDryBulbTemperature","DailyMinimumDryBulbTemperature","DailyPeakWindDirection","DailyPeakWindSpeed","DailyPrecipitation","DailySnowDepth","DailySnowfall","DailySustainedWindDirection","DailySustainedWindSpeed","DailyWeather","MonthlyAverageRH","MonthlyDaysWithGT001Precip","MonthlyDaysWithGT010Precip","MonthlyDaysWithGT32Temp","MonthlyDaysWithGT90Temp","MonthlyDaysWithLT0Temp","MonthlyDaysWithLT32Temp","MonthlyDepartureFromNormalAverageTemperature","MonthlyDepartureFromNormalCoolingDegreeDays","MonthlyDepartureFromNormalHeatingDegreeDays","MonthlyDepartureFromNormalMaximumTemperature","MonthlyDepartureFromNormalMinimumTemperature","MonthlyDepartureFromNormalPrecipitation","MonthlyDewpointTemperature","MonthlyGreatestPrecip","MonthlyGreatestPrecipDate","MonthlyGreatestSnowDepth","MonthlyGreatestSnowDepthDate","MonthlyGreatestSnowfall","MonthlyGreatestSnowfallDate","MonthlyMaxSeaLevelPressureValue","MonthlyMaxSeaLevelPressureValueDate","MonthlyMaxSeaLevelPressureValueTime","MonthlyMaximumTemperature","MonthlyMeanTemperature","MonthlyMinSeaLevelPressureValue","MonthlyMinSeaLevelPressureValueDate","MonthlyMinSeaLevelPressureValueTime","MonthlyMinimumTemperature","MonthlySeaLevelPressure","MonthlyStationPressure","MonthlyTotalLiquidPrecipitation","MonthlyTotalSnowfall","MonthlyWetBulb","AWND","CDSD","CLDD","DSNW","HDSD","HTDD","DYTS","DYHF","NormalsCoolingDegreeDay","NormalsHeatingDegreeDay","ShortDurationEndDate005","ShortDurationEndDate010","ShortDurationEndDate015","ShortDurationEndDate020","ShortDurationEndDate030","ShortDurationEndDate045","ShortDurationEndDate060","ShortDurationEndDate080","ShortDurationEndDate100","ShortDurationEndDate120","ShortDurationEndDate150","ShortDurationEndDate180","ShortDurationPrecipitationValue005","ShortDurationPrecipitationValue010","ShortDurationPrecipitationValue015","ShortDurationPrecipitationValue020","ShortDurationPrecipitationValue030","ShortDurationPrecipitationValue045","ShortDurationPrecipitationValue060","ShortDurationPrecipitationValue080","ShortDurationPrecipitationValue100","ShortDurationPrecipitationValue120","ShortDurationPrecipitationValue150","ShortDurationPrecipitationValue180","REM","BackupDirection","BackupDistance","BackupDistanceUnit","BackupElements","BackupElevation","BackupEquipment","BackupLatitude","BackupLongitude","BackupName","WindEquipmentChangeDate"
"62641499999","2023-01-02T13:00:00","19.433639","37.234075","41.14","PORT SUDAN, SU","FM-15","4","29.97","70","79","","","","","74","SCT:04 30","","","6.21","","350","","14","","","","","","","","","","","","","","","","","","","","","","","","","","","","","","","","","","","","","","","","","","","","","","","","","","","","","","","","","","","","","","","","","","","","","","","","","","","","","","","","","","","","","","","","","","","MET051METAR HSPN 021100Z 35012KT 9999 SCT030 26/21 Q1015=","","","","","","","","","",""
"62641499999","2023-01-02T16:00:00","19.433639","37.234075","41.14","PORT SUDAN, SU","FM-15","4","29.97","68","77","","","","","74","BKN:07 30","","","6.21","","360","","15","","","","","","","","","","","","","","","","","","","","","","","","","","","","","","","","","","","","","","","","","","","","","","","","","","","","","","","","","","","","","","","","","","","","","","","","","","","","","","","","","","","","","","","","","","","MET051METAR HSPN 021400Z 36013KT 9999 BKN030 25/20 Q1015=","","","","","","","","","",""
"62641499999","2023-01-02T19:00:00","19.433639","37.234075","41.14","PORT SUDAN, SU","FM-15","4","30.03","68","77","","","","","74","BKN:07 30","","","6.21","","340","","15","","","","","","","","","","","","","","","","","","","","","","","","","","","","","","","","","","","","","","","","","","","","","","","","","","","","","","","","","","","","","","","","","","","","","","","","","","","","","","","","","","","","","","","","","","","MET051METAR HSPN 021700Z 34013KT 9999 BKN030 25/20 Q1017=","","","","","","","","","",""
"62641499999","2023-01-02T22:00:00","19.433639","37.234075","41.14","PORT SUDAN, SU","FM-15","4","30.03","70","75","","","","","83","SCT:04 30","","","6.21","","340","","17","","","","","","","","","","","","","","","","","","","","","","","","","","","","","","","","","","","","","","","","","","","","","","","","","","","","","","","","","","","","","","","","","","","","","","","","","","","","","","","","","","","","","","","","","","","MET051METAR HSPN 022000Z 34015KT 9999 SCT030 24/21 Q1017=","","","","","","","","","",""
"62641499999","2023-01-03T10:00:00","19.433639","37.234075","41.14","PORT SUDAN, SU","FM-15","4","30.03","68","79","","","","","70","BKN:07 30","","","6.21","","020","","14","","","","","","","","","","","","","","","","","","","","","","","","","","","","","","","","","","","","","","","","","","","","","","","","","","","","","","","","","","","","","","","","","","","","","","","","","","","","","","","","","","","","","","","","","","","MET051METAR HSPN 030800Z 02012KT 9999 BKN030 26/20 Q1017=","","","","","","","","","",""
"62641499999","2023-01-08T12:00:00","19.433639","37.234075","41.14","PORT SUDAN, SU","FM-15","4","29.97","64","79","","","","","61","FEW:02 30","","","6.21","","040","","13","","","","","","","","","","","","","","","","","","","","","","","","","","","","","","","","","","","","","","","","","","","","","","","","","","","","","","","","","","","","","","","","","","","","","","","","","","","","","","","","","","","","","","","","","","","MET051METAR HSPN 081000Z 04011KT 9999 FEW030 26/18 Q1015=","","","","","","","","","",""
"62641499999","2023-01-08T13:00:00","19.433639","37.234075","41.14","PORT SUDAN, SU","FM-15","4","","66","79","","","","","65","FEW:02 30","","","6.21","","050","","14","","","","","","","","","","","","","","","","","","","","","","","","","","","","","","","","","","","","","","","","","","","","","","","","","","","","","","","","","","","","","","","","","","","","","","","","","","","","","","","","","","","","","","","","","","","MET050METAR HSPN 081100Z 05012KT 9999 FEW030 26/19 Q101=","","","","","","","","","",""
"62641499999","2023-01-08T15:00:00","19.433639","37.234075","41.14","PORT SUDAN, SU","FM-15","4","29.94","66","79","","","","","65","FEW:02 30","","","6.21","","060","","11","","","","","","","","","","","","","","","","","","","","","","","","","","","","","","","","","","","","","","","","","","","","","","","","","","","","","","","","","","","","","","","","","","","","","","","","","","","","","","","","","","","","","","","","","","","MET051METAR HSPN 081300Z 06010KT 9999 FEW030 26/19 Q1014=","","","","","","","","","",""
"62641499999","2023-01-08T16:00:00","19.433639","37.234075","41.14","PORT SUDAN, SU","FM-15","4","29.94","66","77","","","","","69","FEW:02 30","","","6.21","","060","","9","","","","","","","","","","","","","","","","","","","","","","","","","","","","","","","","","","","","","","","","","","","","","","","","","","","","","","","","","","","","","","","","","","","","","","","","","","","","","","","","","","","","","","","","","","","MET051METAR HSPN 081400Z 06008KT 9999 FEW030 25/19 Q1014=","","","","","","","","","",""
"62641499999","2023-01-08T19:00:00","19.433639","37.234075","41.14","PORT SUDAN, SU","FM-15","4","29.97","68","75","","","","","78","FEW:02 30","","","6.21","","000","","0","","","","","","","","","","","","","","","","","","","","","","","","","","","","","","","","","","","","","","","","","","","","","","","","","","","","","","","","","","","","","","","","","","","","","","","","","","","","","","","","","","","","","","","","","","","MET051METAR HSPN 081700Z 00000KT 9999 FEW030 24/20 Q1015=","","","","","","","","","",""
"62641499999","2023-01-09T00:00:00","19.433639","37.234075","41.14","PORT SUDAN, SU","FM-15","4","30.00","64","68","","","","","88","","","","6.15","","310","","7","","","","","","","","","","","","","","","","","","","","","","","","","","","","","","","","","","","","","","","","","","","","","","","","","","","","","","","","","","","","","","","","","","","","","","","","","","","","","","","","","","","","","","","","","","","MET045METAR HSPN 082200Z 31006KT CAVOK 20/18 Q1016=","","","","","","","","","",""
"62641499999","2023-01-09T04:00:00","19.433639","37.234075","41.14","PORT SUDAN, SU","FM-15","4","29.97","61","66","","","","","83","FEW:02 30","","","6.21","","310","","8","","","","","","","","","","","","","","","","","","","","","","","","","","","","","","","","","","","","","","","","","","","","","","","","","","","","","","","","","","","","","","","","","","","","","","","","","","","","","","","","","","","","","","","","","","","MET051METAR HSPN 090200Z 31007KT 9999 FEW030 19/16 Q1015=","","","","","","","","","",""
"62641499999","2023-01-09T06:00:00","19.433639","37.234075","41.14","PORT SUDAN, SU","FM-15","4","29.97","59","64","","","","","83","FEW:02 30","","","6.21","","320","","7","","","","","","","","","","","","","","","","","","","","","","","","","","","","","","","","","","","","","","","","","","","","","","","","","","","","","","","","","","","","","","","","","","","","","","","","","","","","","","","","","","","","","","","","","","","MET051METAR HSPN 090400Z 32006KT 9999 FEW030 18/15 Q1015=","","","","","","","","","",""
"62641499999","2023-01-13T12:00:00","19.433639","37.234075","41.14","PORT SUDAN, SU","FM-15","4","30.03","61","81","","","","","51","SCT:04 30","","","6.21","","360","","14","","","","","","","","","","","","","","","","","","","","","","","","","","","","","","","","","","","","","","","","","","","","","","","","","","","","","","","","","","","","","","","","","","","","","","","","","","","","","","","","","","","","","","","","","","","MET051METAR HSPN 131000Z 36012KT 9999 SCT030 27/16 Q1017=","","","","","","","","","",""
"62641499999","2023-01-13T13:00:00","19.433639","37.234075","41.14","PORT SUDAN, SU","FM-15","4","30.00","61","81","","","","","51","SCT:04 30","","","6.21","","020","","14","","","","","","","","","","","","","","","","","","","","","","","","","","","","","","","","","","","","","","","","","","","","","","","","","","","","","","","","","","","","","","","","","","","","","","","","","","","","","","","","","","","","","","","","","","","MET051METAR HSPN 131100Z 02012KT 9999 SCT030 27/16 Q1016=","","","","","","","","","",""
"62641499999","2023-02-16T13:00:00","19.433639","37.234075","41.14","PORT SUDAN, SU","FM-15","4","30.00","52","75","","","","","44","","","","6.15","","020","","13","","","","","","","","","","","","","","","","","","","","","","","","","","","","","","","","","","","","","","","","","","","","","","","","","","","","","","","","","","","","","","","","","","","","","","","","","","","","","","","","","","","","","","","","","","","MET045METAR HSPN 161100Z 02011KT CAVOK 24/11 Q1016=","","","","","","","","","",""
"62641499999","2023-02-17T09:00:00","19.433639","37.234075","41.14","PORT SUDAN, SU","FM-15","4","30.09","55","72","","","","","57","","","","6.15","","360","","16","","","","","","","","","","","","","","","","","","","","","","","","","","","","","","","","","","","","","","","","","","","","","","","","","","","","","","","","","","","","","","","","","","","","","","","","","","","","","","","","","","","","","","","","","","","MET045METAR HSPN 170700Z 36014KT CAVOK 22/13 Q1019=","","","","","","","","","",""
"62641499999","2023-02-17T10:00:00","19.433639","37.234075","41.14","PORT SUDAN, SU","FM-15","4","30.09","55","73","","","","","53","SCT:04 30","","","6.21","","020","","18","","","","","","","","","","","","","","","","","","","","","","","","","","","","","","","","","","","","","","","","","","","","","","","","","","","","","","","","","","","","","","","","","","","","","","","","","","","","","","","","","","","","","","","","","","","MET051METAR HSPN 170800Z 02016KT 9999 SCT030 23/13 Q1019=","","","","","","","","","",""
"62641499999","2023-02-17T13:00:00","19.433639","37.234075","41.14","PORT SUDAN, SU","FM-15","4","30.03","57","75","","","","","54","SCT:04 30","","","6.21","","020","","22","","","","","","","","","","","","","","","","","","","","","","","","","","","","","","","","","","","","","","","","","","","","","","","","","","","","","","","","","","","","","","","","","","","","","","","","","","","","","","","","","","","","","","","","","","","MET051METAR HSPN 171100Z 02019KT 9999 SCT030 24/14 Q1017=","","","","","","","","","",""
"62641499999","2023-02-17T15:00:00","19.433639","37.234075","41.14","PORT SUDAN, SU","FM-15","4","30.00","55","75","","","","","50","SCT:04 30","","","6.21","","040","","20","","","","","","","","","","","","","","","","","","","","","","","","","","","","","","","","","","","","","","","","","","","","","","","","","","","","","","","","","","","","","","","","","","","","","","","","","","","","","","","","","","","","","","","","","","","MET051METAR HSPN 171300Z 04017KT 9999 SCT030 24/13 Q1016=","","","","","","","","","",""
"62641499999","2023-02-17T16:00:00","19.433639","37.234075","41.14","PORT SUDAN, SU","FM-15","4","30.00","55","75","","","","","50","SCT:04 30","","","6.21","","320","","17","","","","","","","","","","","","","","","","","","","","","","","","","","","","","","","","","","","","","","","","","","","","","","","","","","","","","","","","","","","","","","","","","","","","","","","","","","","","","","","","","","","","","","","","","","","MET051METAR HSPN 171400Z 32015KT 9999 SCT030 24/13 Q1016=","","","","","","","","","",""
"62641499999","2023-02-17T19:00:00","19.433639","37.234075","41.14","PORT SUDAN, SU","FM-15","4","30.06","54","73","","","","","50","FEW:02 30","","","6.21","","020","","16","","","","","","","","","","","","","","","","","","","","","","","","","","","","","","","","","","","","","","","","","","","","","","","","","","","","","","","","","","","","","","","","","","","","","","","","","","","","","","","","","","","","","","","","","","","MET051METAR HSPN 171700Z 02014KT 9999 FEW030 23/12 Q1018=","","","","","","","","","",""
"62641499999","2023-02-18T00:00:00","19.433639","37.234075","41.14","PORT SUDAN, SU","FM-15","4","30.03","55","72","","","","","57","","","","6.15","","320","","9","","","","","","","","","","","","","","","","","","","","","","","","","","","","","","","","","","","","","","","","","","","","","","","","","","","","","","","","","","","","","","","","","","","","","","","","","","","","","","","","","","","","","","","","","","","MET045METAR HSPN 172200Z 32008KT CAVOK 22/13 Q1017=","","","","","","","","","",""
"62641499999","2023-02-18T06:00:00","19.433639","37.234075","41.14","PORT SUDAN, SU","FM-15","4","30.00","55","68","","","","","64","","","","6.15","","360","","9","","","","","","","","","","","","","","","","","","","","","","","","","","","","","","","","","","","","","","","","","","","","","","","","","","","","","","","","","","","","","","","","","","","","","","","","","","","","","","","","","","","","","","","","","","","MET045METAR HSPN 180400Z 36008KT CAVOK 20/13 Q1016=","","","","","","","","","",""
"62641499999","2023-02-18T07:00:00","19.433639","37.234075","41.14","PORT SUDAN, SU","FM-15","4","30.03","55","72","","","","","57","SCT:04 30","","","6.21","","360","","14","","","","","","","","","","","","","","","","","","","","","","","","","","","","","","","","","","","","","","","","","","","","","","","","","","","","","","","","","","","","","","","","","","","","","","","","","","","","","","","","","","","","","","","","","","","MET051METAR HSPN 180500Z 36012KT 9999 SCT030 22/13 Q1017=","","","","","","","","","",""
"62641499999","2023-02-22T09:00:00","19.433639","37.234075","41.14","PORT SUDAN, SU","FM-15","4","29.94","68","77","","","","","74","FEW:02 30","","","6.21","","340","","13","","","","","","","","","","","","","","","","","","","","","","","","","","","","","","","","","","","","","","","","","","","","","","","","","","","","","","","","","","","","","","","","","","","","","","","","","","","","","","","","","","","","","","","","","","","MET051METAR HSPN 220700Z 34011KT 9999 FEW030 25/20 Q1014=","","","","","","","","","",""
"62641499999","2023-02-22T10:00:00","19.433639","37.234075","41.14","PORT SUDAN, SU","FM-15","4","29.97","64","79","","","","","61","SCT:04 30","","","6.21","","360","","14","","","","","","","","","","","","","","","","","","","","","","","","","","","","","","","","","","","","","","","","","","","","","","","","","","","","","","","","","","","","","","","","","","","","","","","","","","","","","","","","","","","","","","","","","","","MET051METAR HSPN 220800Z 36012KT 9999 SCT030 26/18 Q1015=","","","","","","","","","",""
"62641499999","2023-02-22T13:00:00","19.433639","37.234075","41.14","PORT SUDAN, SU","FM-15","4","29.91","64","82","","","","","55","SCT:04 30","","","6.21","","360","","13","","","","","","","","","","","","","","","","","","","","","","","","","","","","","","","","","","","","","","","","","","","","","","","","","","","","","","","","","","","","","","","","","","","","","","","","","","","","","","","","","","","","","","","","","","","MET051METAR HSPN 221100Z 36011KT 9999 SCT030 28/18 Q1013=","","","","","","","","","",""
"62641499999","2023-02-22T15:00:00","19.433639","37.234075","41.14","PORT SUDAN, SU","FM-15","4","29.91","66","82","","","","","58","FEW:02 30","","","6.21","","360","","10","","","","","","","","","","","","","","","","","","","","","","","","","","","","","","","","","","","","","","","","","","","","","","","","","","","","","","","","","","","","","","","","","","","","","","","","","","","","","","","","","","","","","","","","","","","MET051METAR HSPN 221300Z 36009KT 9999 FEW030 28/19 Q1013=","","","","","","","","","",""
"62641499999","2023-02-22T16:00:00","19.433639","37.234075","41.14","PORT SUDAN, SU","FM-15","4","29.91","66","79","","","","","65","FEW:02 30","","","6.21","","340","","10","","","","","","","","","","","","","","","","","","","","","","","","","","","","","","","","","","","","","","","","","","","","","","","","","","","","","","","","","","","","","","","","","","","","","","","","","","","","","","","","","","","","","","","","","","","MET051METAR HSPN 221400Z 34009KT 9999 FEW030 26/19 Q1013=","","","","","","","","","",""
"62641499999","2023-02-22T18:00:00","19.433639","37.234075","41.14","PORT SUDAN, SU","FM-15","4","29.88","64","77","","","","","65","FEW:02 30","","","6.21","","360","","10","","","","","","","","","","","","","","","","","","","","","","","","","","","","","","","","","","","","","","","","","","","","","","","","","","","","","","","","","","","","","","","","","","","","","","","","","","","","","","","","","","","","","","","","","","","MET051METAR HSPN 221600Z 36009KT 9999 FEW030 25/18 Q1012=","","","","","","","","","",""
"62641499999","2023-02-22T19:00:00","19.433639","37.234075","41.14","PORT SUDAN, SU","FM-15","4","29.91","64","77","","","","","65","","","","6.15","","020","","8","","","","","","","","","","","","","","","","","","","","","","","","","","","","","","","","","","","","","","","","","","","","","","","","","","","","","","","","","","","","","","","","","","","","","","","","","","","","","","","","","","","","","","","","","","","MET045METAR HSPN 221700Z 02007KT CAVOK 25/18 Q1013=","","","","","","","","","",""
"62641499999","2023-02-25T04:00:00","19.433639","37.234075","41.14","PORT SUDAN, SU","FM-15","4","29.91","57","73","","","","","57","","","","6.15","","320","","6","","","","","","","","","","","","","","","","","","","","","","","","","","","","","","","","","","","","","","","","","","","","","","","","","","","","","","","","","","","","","","","","","","","","","","","","","","","","","","","","","","","","","","","","","","","MET045METAR HSPN 250200Z 32005KT CAVOK 23/14 Q1013=","","","","","","","","","",""
"62641499999","2023-02-26T13:00:00","19.433639","37.234075","41.14","PORT SUDAN, SU","FM-15","4","30.00","63","81","","","","","54","FEW:02 30","","","6.21","","220","","10","","","","","","","","","","","","","","","","","","","","","","","","","","","","","","","","","","","","","","","","","","","","","","","","","","","","","","","","","","","","","","","","","","","","","","","","","","","","","","","","","","","","","","","","","","","MET051METAR HSPN 261100Z 22009KT 9999 FEW030 27/17 Q1016=","","","","","","","","","",""
"62641499999","2023-02-26T15:00:00","19.433639","37.234075","41.14","PORT SUDAN, SU","FM-15","4","29.94","64","82","","","","","55","FEW:02 30","","","6.21","","180","","10","","","","","","","","","","","","","","","","","","","","","","","","","","","","","","","","","","","","","","","","","","","","","","","","","","","","","","","","","","","","","","","","","","","","","","","","","","","","","","","","","","","","","","","","","","","MET051METAR HSPN 261300Z 18009KT 9999 FEW030 28/18 Q1014=","","","","","","","","","",""
"62641499999","2023-02-27T10:00:00","19.433639","37.234075","41.14","PORT SUDAN, SU","FM-15","4","30.09","63","79","","","","","58","FEW:02 30","","","6.21","","020","","14","","","","","","","","","","","","","","","","","","","","","","","","","","","","","","","","","","","","","","","","","","","","","","","","","","","","","","","","","","","","","","","","","","","","","","","","","","","","","","","","","","","","","","","","","","","MET051METAR HSPN 270800Z 02012KT 9999 FEW030 26/17 Q1019=","","","","","","","","","",""
"62641499999","2023-02-27T13:00:00","19.433639","37.234075","41.14","PORT SUDAN, SU","FM-15","4","30.00","64","81","","","","","58","SCT:04 30","","","6.21","","090","","11","","","","","","","","","","","","","","","","","","","","","","","","","","","","","","","","","","","","","","","","","","","","","","","","","","","","","","","","","","","","","","","","","","","","","","","","","","","","","","","","","","","","","","","","","","","MET051METAR HSPN 271100Z 09010KT 9999 SCT030 27/18 Q1016=","","","","","","","","","",""
"62641499999","2023-02-27T16:00:00","19.433639","37.234075","41.14","PORT SUDAN, SU","FM-15","4","29.97","68","79","","","","","70","SCT:04 30","","","6.21","","040","","11","","","","","","","","","","","","","","","","","","","","","","","","","","","","","","","","","","","","","","","","","","","","","","","","","","","","","","","","","","","","","","","","","","","","","","","","","","","","","","","","","","","","","","","","","","","MET051METAR HSPN 271400Z 04010KT 9999 SCT030 26/20 Q1015=","","","","","","","","","",""
"62641499999","2023-03-03T13:00:00","19.433639","37.234075","41.14","PORT SUDAN, SU","FM-15","4","29.91","73","90","","","","","59","SCT:04 30","","","6.21","","040","","17","","","","","","","","","","","","","","","","","","","","","","","","","","","","","","","","","","","","","","","","","","","","","","","","","","","","","","","","","","","","","","","","","","","","","","","","","","","","","","","","","","","","","","","","","","","MET051METAR HSPN 031100Z 04015KT 9999 SCT030 32/23 Q1013=","","","","","","","","","",""
"62641499999","2023-03-03T15:00:00","19.433639","37.234075","41.14","PORT SUDAN, SU","FM-15","4","29.88","72","86","","","","","62","","","","6.15","","090","","16","","","","","","","","","","","","","","","","","","","","","","","","","","","","","","","","","","","","","","","","","","","","","","","","","","","","","","","","","","","","","","","","","","","","","","","","","","","","","","","","","","","","","","","","","","","MET045METAR HSPN 031300Z 09014KT CAVOK 30/22 Q1012=","","","","","","","","","",""
"62641499999","2023-03-03T16:00:00","19.433639","37.234075","41.14","PORT SUDAN, SU","FM-15","4","29.88","70","84","","","","","62","","","","6.15","","090","","15","","","","","","","","","","","","","","","","","","","","","","","","","","","","","","","","","","","","","","","","","","","","","","","","","","","","","","","","","","","","","","","","","","","","","","","","","","","","","","","","","","","","","","","","","","","MET045METAR HSPN 031400Z 09013KT CAVOK 29/21 Q1012=","","","","","","","","","",""
"62641499999","2023-03-03T18:00:00","19.433639","37.234075","41.14","PORT SUDAN, SU","FM-15","4","29.91","68","81","","","","","66","","","","6.15","","040","","16","","","","","","","","","","","","","","","","","","","","","","","","","","","","","","","","","","","","","","","","","","","","","","","","","","","","","","","","","","","","","","","","","","","","","","","","","","","","","","","","","","","","","","","","","","","MET045METAR HSPN 031600Z 04014KT CAVOK 27/20 Q1013=","","","","","","","","","",""
"62641499999","2023-03-03T19:00:00","19.433639","37.234075","41.14","PORT SUDAN, SU","FM-15","4","29.94","68","81","","","","","66","","","","6.15","","020","","9","","","","","","","","","","","","","","","","","","","","","","","","","","","","","","","","","","","","","","","","","","","","","","","","","","","","","","","","","","","","","","","","","","","","","","","","","","","","","","","","","","","","","","","","","","","MET045METAR HSPN 031700Z 02008KT CAVOK 27/20 Q1014=","","","","","","","","","",""
"62641499999","2023-03-03T21:00:00","19.433639","37.234075","41.14","PORT SUDAN, SU","FM-15","4","29.97","66","77","","","","","69","","","","6.15","","020","","16","","","","","","","","","","","","","","","","","","","","","","","","","","","","","","","","","","","","","","","","","","","","","","","","","","","","","","","","","","","","","","","","","","","","","","","","","","","","","","","","","","","","","","","","","","","MET045METAR HSPN 031900Z 02014KT CAVOK 25/19 Q1015=","","","","","","","","","",""
"62641499999","2023-03-04T00:00:00","19.433639","37.234075","41.14","PORT SUDAN, SU","FM-15","4","29.94","63","75","","","","","65","","","","6.15","","340","","7","","","","","","","","","","","","","","","","","","","","","","","","","","","","","","","","","","","","","","","","","","","","","","","","","","","","","","","","","","","","","","","","","","","","","","","","","","","","","","","","","","","","","","","","","","","MET045METAR HSPN 032200Z 34006KT CAVOK 24/17 Q1014=","","","","","","","","","",""
"62641499999","2023-03-04T03:00:00","19.433639","37.234075","41.14","PORT SUDAN, SU","FM-15","4","29.94","59","73","","","","","61","","","","6.15","","270","","7","","","","","","","","","","","","","","","","","","","","","","","","","","","","","","","","","","","","","","","","","","","","","","","","","","","","","","","","","","","","","","","","","","","","","","","","","","","","","","","","","","","","","","","","","","","MET045METAR HSPN 040100Z 27006KT CAVOK 23/15 Q1014=","","","","","","","","","",""
"62641499999","2023-03-04T04:00:00","19.433639","37.234075","41.14","PORT SUDAN, SU","FM-15","4","29.94","59","72","","","","","65","","","","6.15","","270","","6","","","","","","","","","","","","","","","","","","","","","","","","","","","","","","","","","","","","","","","","","","","","","","","","","","","","","","","","","","","","","","","","","","","","","","","","","","","","","","","","","","","","","","","","","","","MET045METAR HSPN 040200Z 27005KT CAVOK 22/15 Q1014=","","","","","","","","","",""
"62641499999","2023-03-04T06:00:00","19.433639","37.234075","41.14","PORT SUDAN, SU","FM-15","4","29.97","57","72","","","","","61","","","","6.15","","320","","6","","","","","","","","","","","","","","","","","","","","","","","","","","","","","","","","","","","","","","","","","","","","","","","","","","","","","","","","","","","","","","","","","","","","","","","","","","","","","","","","","","","","","","","","","","","MET051METAR HSPN 040400Z 32005KT CAVOK 22/14 Q1015 NOSIG=","","","","","","","","","",""
"62641499999","2023-03-04T07:00:00","19.433639","37.234075","41.14","PORT SUDAN, SU","FM-15","4","29.97","61","73","","","","","65","SCT:04 30","","","6.21","","360","","14","","","","","","","","","","","","","","","","","","","","","","","","","","","","","","","","","","","","","","","","","","","","","","","","","","","","","","","","","","","","","","","","","","","","","","","","","","","","","","","","","","","","","","","","","","","MET051METAR HSPN 040500Z 36012KT 9999 SCT030 23/16 Q1015=","","","","","","","","","",""
"62641499999","2023-03-06T16:00:00","19.433639","37.234075","41.14","PORT SUDAN, SU","FM-15","4","29.77","72","88","","","","","59","FEW:02 30","","","","","350","","9","","","","","","","","","","","","","","","","","","","","","","","","","","","","","","","","","","","","","","","","","","","","","","","","","","","","","","","","","","","","","","","","","","","","","","","","","","","","","","","","","","","","","","","","","","","MET046METAR HSPN 061400Z 35008KT FEW030 31/22 Q1008=","","","","","","","","","",""
"62641499999","2023-03-06T17:00:00","19.433639","37.234075","41.14","PORT SUDAN, SU","FM-15","4","29.80","72","82","","","","","70","FEW:02 30","","","6.21","","020","","7","","","","","","","","","","","","","","","","","","","","","","","","","","","","","","","","","","","","","","","","","","","","","","","","","","","","","","","","","","","","","","","","","","","","","","","","","","","","","","","","","","","","","","","","","","","MET051METAR HSPN 061500Z 02006KT 9999 FEW030 28/22 Q1009=","","","","","","","","","",""
"62641499999","2023-03-08T13:00:00","19.433639","37.234075","41.14","PORT SUDAN, SU","FM-15","4","29.83","66","82","","","","","58","SCT:04 30","","","6.21","","360","","20","","","","","","","","","","","","","","","","","","","","","","","","","","","","","","","","","","","","","","","","","","","","","","","","","","","","","","","","","","","","","","","","","","","","","","","","","","","","","","","","","","","","","","","","","","","MET051METAR HSPN 081100Z 36017KT 9999 SCT030 28/19 Q1010=","","","","","","","","","",""
"62641499999","2023-03-08T16:00:00","19.433639","37.234075","41.14","PORT SUDAN, SU","FM-15","4","29.85","68","","","","","","","FEW:02 30","","","6.21","","020","","17","","","","","","","","","","","","","","","","","","","","","","","","","","","","","","","","","","","","","","","","","","","","","","","","","","","","","","","","","","","","","","","","","","","","","","","","","","","","","","","","","","","","","","","","","","","MET052METAR HSPN 081400Z 02015KT 9999 FEW030 326/20 Q1011=","","","","","","","","","",""
"62641499999","2023-03-08T19:00:00","19.433639","37.234075","41.14","PORT SUDAN, SU","FM-15","4","29.85","66","77","","","","","69","","","","6.15","","360","","21","","","","","","","","","","","","","","","","","","","","","","","","","","","","","","","","","","","","","","","","","","","","","","","","","","","","","","","","","","","","","","","","","","","","","","","","","","","","","","","","","","","","","","","","","","","MET045METAR HSPN 081700Z 36018KT CAVOK 25/19 Q1011=","","","","","","","","","",""
"62641499999","2023-03-08T21:00:00","19.433639","37.234075","41.14","PORT SUDAN, SU","FM-15","4","29.88","66","77","","","","","69","FEW:02 30","","","6.21","","360","","16","","","","","","","","","","","","","","","","","","","","","","","","","","","","","","","","","","","","","","","","","","","","","","","","","","","","","","","","","","","","","","","","","","","","","","","","","","","","","","","","","","","","","","","","","","","MET051METAR HSPN 081900Z 36014KT 9999 FEW030 25/19 Q1012=","","","","","","","","","",""
"62641499999","2023-03-08T22:00:00","19.433639","37.234075","41.14","PORT SUDAN, SU","FM-15","4","29.88","64","77","","","","","65","","","","6.15","","360","","14","","","","","","","","","","","","","","","","","","","","","","","","","","","","","","","","","","","","","","","","","","","","","","","","","","","","","","","","","","","","","","","","","","","","","","","","","","","","","","","","","","","","","","","","","","","MET045METAR HSPN 082000Z 36012KT CAVOK 25/18 Q1012=","","","","","","","","","",""
"62641499999","2023-03-13T16:00:00","19.433639","37.234075","41.14","PORT SUDAN, SU","FM-15","4","29.80","54","84","","","","","35","","","","6.15","","070","","9","","","","","","","","","","","","","","","","","","","","","","","","","","","","","","","","","","","","","","","","","","","","","","","","","","","","","","","","","","","","","","","","","","","","","","","","","","","","","","","","","","","","","","","","","","","MET045METAR HSPN 131400Z 07008KT CAVOK 29/12 Q1009=","","","","","","","","","",""
"62641499999","2023-03-13T19:00:00","19.433639","37.234075","41.14","PORT SUDAN, SU","FM-15","4","29.83","55","81","","","","","42","","","","6.15","","000","","0","","","","","","","","","","","","","","","","","","","","","","","","","","","","","","","","","","","","","","","","","","","","","","","","","","","","","","","","","","","","","","","","","","","","","","","","","","","","","","","","","","","","","","","","","","","MET045METAR HSPN 131700Z 00000KT CAVOK 27/13 Q1010=","","","","","","","","","",""
"62641499999","2023-03-14T09:00:00","19.433639","37.234075","41.14","PORT SUDAN, SU","FM-15","4","29.85","57","79","","","","","48","","","","6.15","","230","","5","","","","","","","","","","","","","","","","","","","","","","","","","","","","","","","","","","","","","","","","","","","","","","","","","","","","","","","","","","","","","","","","","","","","","","","","","","","","","","","","","","","","","","","","","","","MET045METAR HSPN 140700Z 23004KT CAVOK 26/14 Q1011=","","","","","","","","","",""
"62641499999","2023-03-14T12:00:00","19.433639","37.234075","41.14","PORT SUDAN, SU","FM-15","4","29.83","55","82","","","","","40","","","","6.15","","220","","8","","","","","","","","","","","","","","","","","","","","","","","","","","","","","","","","","","","","","","","","","","","","","","","","","","","","","","","","","","","","","","","","","","","","","","","","","","","","","","","","","","","","","","","","","","","MET045METAR HSPN 141000Z 22007KT CAVOK 28/13 Q1010=","","","","","","","","","",""
"62641499999","2023-03-14T13:00:00","19.433639","37.234075","41.14","PORT SUDAN, SU","FM-15","4","29.83","57","82","","","","","42","","","","6.15","","240","","6","","","","","","","","","","","","","","","","","","","","","","","","","","","","","","","","","","","","","","","","","","","","","","","","","","","","","","","","","","","","","","","","","","","","","","","","","","","","","","","","","","","","","","","","","","","MET045METAR HSPN 141100Z 24005KT CAVOK 28/14 Q1010=","","","","","","","","","",""
"62641499999","2023-03-14T16:00:00","19.433639","37.234075","41.14","PORT SUDAN, SU","FM-15","4","29.74","59","79","","","","","51","","","","6.15","","230","","3","","","","","","","","","","","","","","","","","","","","","","","","","","","","","","","","","","","","","","","","","","","","","","","","","","","","","","","","","","","","","","","","","","","","","","","","","","","","","","","","","","","","","","","","","","","MET045METAR HSPN 141400Z 23003KT CAVOK 26/15 Q1007=","","","","","","","","","",""
"62641499999","2023-03-18T12:00:00","19.433639","37.234075","41.14","PORT SUDAN, SU","FM-15","4","29.91","55","82","","","","","40","FEW:02 30","","","6.21","","020","","8","","","","","","","","","","","","","","","","","","","","","","","","","","","","","","","","","","","","","","","","","","","","","","","","","","","","","","","","","","","","","","","","","","","","","","","","","","","","","","","","","","","","","","","","","","","MET051METAR HSPN 181000Z 02007KT 9999 FEW030 28/13 Q1013=","","","","","","","","","",""
"62641499999","2023-03-18T13:00:00","19.433639","37.234075","41.14","PORT SUDAN, SU","FM-15","4","29.88","54","86","","","","","33","FEW:02 30","","","6.21","","020","","6","","","","","","","","","","","","","","","","","","","","","","","","","","","","","","","","","","","","","","","","","","","","","","","","","","","","","","","","","","","","","","","","","","","","","","","","","","","","","","","","","","","","","","","","","","","MET051METAR HSPN 181100Z 02005KT 9999 FEW030 30/12 Q1012=","","","","","","","","","",""
"62641499999","2023-03-18T15:00:00","19.433639","37.234075","41.14","PORT SUDAN, SU","FM-15","4","29.85","50","86","","","","","29","","","","6.15","","040","","6","","","","","","","","","","","","","","","","","","","","","","","","","","","","","","","","","","","","","","","","","","","","","","","","","","","","","","","","","","","","","","","","","","","","","","","","","","","","","","","","","","","","","","","","","","","MET045METAR HSPN 181300Z 04005KT CAVOK 30/10 Q1011=","","","","","","","","","",""
"62641499999","2023-03-18T16:00:00","19.433639","37.234075","41.14","PORT SUDAN, SU","FM-15","4","29.85","64s","81","","","","","58","SCT:04 30","","","6.21","","050","","8","","","","","","","","","","","","","","","","","","","","","","","","","","","","","","","","","","","","","","","","","","","","","","","","","","","","","","","","","","","","","","","","","","","","","","","","","","","","","","","","","","","","","","","","","","","MET051METAR HSPN 181400Z 05007KT 9999 SCT030 27/18 Q1011=","","","","","","","","","",""
"62641499999","2023-03-18T19:00:00","19.433639","37.234075","41.14","PORT SUDAN, SU","FM-15","4","29.88","61","77","","","","","57","SCT:04 30","","","6.21","","040","","2","","","","","","","","","","","","","","","","","","","","","","","","","","","","","","","","","","","","","","","","","","","","","","","","","","","","","","","","","","","","","","","","","","","","","","","","","","","","","","","","","","","","","","","","","","","MET051METAR HSPN 181700Z 04002KT 9999 SCT030 25/16 Q1012=","","","","","","","","","",""
"62641499999","2023-03-18T22:00:00","19.433639","37.234075","41.14","PORT SUDAN, SU","FM-15","4","29.91","64","73","","","","","74","SCT:04 30","","","6.21","","000","","0","","","","","","","","","","","","","","","","","","","","","","","","","","","","","","","","","","","","","","","","","","","","","","","","","","","","","","","","","","","","","","","","","","","","","","","","","","","","","","","","","","","","","","","","","","","MET051METAR HSPN 182000Z 00000KT 9999 SCT030 23/18 Q1013=","","","","","","","","","",""
"62641499999","2023-03-19T01:00:00","19.433639","37.234075","41.14","PORT SUDAN, SU","FM-15","4","29.88","63","72","","","","","73","SCT:04 30","","","6.21","","320","","3","","","","","","","","","","","","","","","","","","","","","","","","","","","","","","","","","","","","","","","","","","","","","","","","","","","","","","","","","","","","","","","","","","","","","","","","","","","","","","","","","","","","","","","","","","","MET051METAR HSPN 182300Z 32003KT 9999 SCT030 22/17 Q1012=","","","","","","","","","",""
"62641499999","2023-03-19T10:00:00","19.433639","37.234075","41.14","PORT SUDAN, SU","FM-15","4","29.94","55","82","","","","","40","","","","6.15","","000","","0","","","","","","","","","","","","","","","","","","","","","","","","","","","","","","","","","","","","","","","","","","","","","","","","","","","","","","","","","","","","","","","","","","","","","","","","","","","","","","","","","","","","","","","","","","","MET045METAR HSPN 190800Z 00000KT CAVOK 28/13 Q1014=","","","","","","","","","",""
"62641499999","2023-03-19T12:00:00","19.433639","37.234075","41.14","PORT SUDAN, SU","FM-15","4","29.88","57","84","","","","","40","","","","6.15","","070","","8","","","","","","","","","","","","","","","","","","","","","","","","","","","","","","","","","","","","","","","","","","","","","","","","","","","","","","","","","","","","","","","","","","","","","","","","","","","","","","","","","","","","","","","","","","","MET045METAR HSPN 191000Z 07007KT CAVOK 29/14 Q1012=","","","","","","","","","",""
"62641499999","2023-03-19T15:00:00","19.433639","37.234075","41.14","PORT SUDAN, SU","FM-15","4","29.83","57","86","","","","","38","","","","6.15","","080","","8","","","","","","","","","","","","","","","","","","","","","","","","","","","","","","","","","","","","","","","","","","","","","","","","","","","","","","","","","","","","","","","","","","","","","","","","","","","","","","","","","","","","","","","","","","","MET045METAR HSPN 191300Z 08007KT CAVOK 30/14 Q1010=","","","","","","","","","",""
"62641499999","2023-03-19T16:00:00","19.433639","37.234075","41.14","PORT SUDAN, SU","FM-15","4","29.83","57","90","","","","","33","","","","6.15","","070","","10","","","","","","","","","","","","","","","","","","","","","","","","","","","","","","","","","","","","","","","","","","","","","","","","","","","","","","","","","","","","","","","","","","","","","","","","","","","","","","","","","","","","","","","","","","","MET045METAR HSPN 191400Z 07009KT CAVOK 32/14 Q1010=","","","","","","","","","",""
"62641499999","2023-03-23T10:00:00","19.433639","37.234075","41.14","PORT SUDAN, SU","FM-15","4","29.88","64","84","","","","","51","","","","6.15","","070","","5","","","","","","","","","","","","","","","","","","","","","","","","","","","","","","","","","","","","","","","","","","","","","","","","","","","","","","","","","","","","","","","","","","","","","","","","","","","","","","","","","","","","","","","","","","","MET051METAR HSPN 230800Z 07004KT CAVOK 29/18 Q1012 NOSIG=","","","","","","","","","",""
"62641499999","2023-03-23T12:00:00","19.433639","37.234075","41.14","PORT SUDAN, SU","FM-15","4","29.83","63","86","","","","","46","","","","6.15","","050","","8","","","","","","","","","","","","","","","","","","","","","","","","","","","","","","","","","","","","","","","","","","","","","","","","","","","","","","","","","","","","","","","","","","","","","","","","","","","","","","","","","","","","","","","","","","","MET045METAR HSPN 231000Z 05007KT CAVOK 30/17 Q1010=","","","","","","","","","",""
"62641499999","2023-03-23T13:00:00","19.433639","37.234075","41.14","PORT SUDAN, SU","FM-15","4","29.83","63","82","","","","","51","","","","6.15","","050","","9","","","","","","","","","","","","","","","","","","","","","","","","","","","","","","","","","","","","","","","","","","","","","","","","","","","","","","","","","","","","","","","","","","","","","","","","","","","","","","","","","","","","","","","","","","","MET045METAR HSPN 231100Z 05008KT CAVOK 28/17 Q1010=","","","","","","","","","",""
"62641499999","2023-03-23T15:00:00","19.433639","37.234075","41.14","PORT SUDAN, SU","FM-15","4","29.80","63","82","","","","","51","FEW:02 30","","","6.21","","050","","10","","","","","","","","","","","","","","","","","","","","","","","","","","","","","","","","","","","","","","","","","","","","","","","","","","","","","","","","","","","","","","","","","","","","","","","","","","","","","","","","","","","","","","","","","","","MET051METAR HSPN 231300Z 05009KT 9999 FEW030 28/17 Q1009=","","","","","","","","","",""
"62641499999","2023-03-23T16:00:00","19.433639","37.234075","41.14","PORT SUDAN, SU","FM-15","4","29.80","66","81","","","","","62","","","","6.15","","090","","8","","","","","","","","","","","","","","","","","","","","","","","","","","","","","","","","","","","","","","","","","","","","","","","","","","","","","","","","","","","","","","","","","","","","","","","","","","","","","","","","","","","","","","","","","","","MET045METAR HSPN 231400Z 09007KT CAVOK 27/19 Q1009=","","","","","","","","","",""
"62641499999","2023-03-23T19:00:00","19.433639","37.234075","41.14","PORT SUDAN, SU","FM-15","4","29.83","63","75","","","","","65","","","","6.15","","090","","3","","","","","","","","","","","","","","","","","","","","","","","","","","","","","","","","","","","","","","","","","","","","","","","","","","","","","","","","","","","","","","","","","","","","","","","","","","","","","","","","","","","","","","","","","","","MET045METAR HSPN 231700Z 09003KT CAVOK 24/17 Q1010=","","","","","","","","","",""
"62641499999","2023-03-23T22:00:00","19.433639","37.234075","41.14","PORT SUDAN, SU","FM-15","4","29.88","63","73","","","","","69","","","","6.15","","000","","0","","","","","","","","","","","","","","","","","","","","","","","","","","","","","","","","","","","","","","","","","","","","","","","","","","","","","","","","","","","","","","","","","","","","","","","","","","","","","","","","","","","","","","","","","","","MET045METAR HSPN 232000Z 00000KT CAVOK 23/17 Q1012=","","","","","","","","","",""
"62641499999","2023-03-25T15:00:00","19.433639","37.234075","41.14","PORT SUDAN, SU","FM-15","4","29.65","63","81","","","","","54","SCT:04 30","","","6.21","","060","","10","","","","","","","","","","","","","","","","","","","","","","","","","","","","","","","","","","","","","","","","","","","","","","","","","","","","","","","","","","","","","","","","","","","","","","","","","","","","","","","","","","","","","","","","","","","MET051METAR HSPN 251300Z 06009KT 9999 SCT030 27/17 Q1004=","","","","","","","","","",""
"62641499999","2023-03-27T01:00:00","19.433639","37.234075","41.14","PORT SUDAN, SU","FM-15","4","29.88","61","75","","","","","61","","","","6.15","","270","","11","","","","","","","","","","","","","","","","","","","","","","","","","","","","","","","","","","","","","","","","","","","","","","","","","","","","","","","","","","","","","","","","","","","","","","","","","","","","","","","","","","","","","","","","","","","MET049METAR HSPN 262300Z 27005 CAVOK 24/16 Q1012 NOSIG=","","","","","","","","","",""
"62641499999","2023-03-27T03:00:00","19.433639","37.234075","41.14","PORT SUDAN, SU","FM-15","4","29.88","63","75","","","","","65","","","","6.15","","320","","8","","","","","","","","","","","","","","","","","","","","","","","","","","","","","","","","","","","","","","","","","","","","","","","","","","","","","","","","","","","","","","","","","","","","","","","","","","","","","","","","","","","","","","","","","","","MET051METAR HSPN 270100Z 32007KT CAVOK 24/17 Q1012 NOSIG=","","","","","","","","","",""
"62641499999","2023-03-27T04:00:00","19.433639","37.234075","41.14","PORT SUDAN, SU","FM-15","4","29.88","59","73","","","","","61","","","","6.15","","270","","7","","","","","","","","","","","","","","","","","","","","","","","","","","","","","","","","","","","","","","","","","","","","","","","","","","","","","","","","","","","","","","","","","","","","","","","","","","","","","","","","","","","","","","","","","","","MET051METAR HSPN 270200Z 27006KT CAVOK 23/15 Q1012 NOSIG=","","","","","","","","","",""
"62641499999","2023-03-27T06:00:00","19.433639","37.234075","41.14","PORT SUDAN, SU","FM-15","4","29.94","61","75","","","","","61","","","","6.15","","270","","10","","","","","","","","","","","","","","","","","","","","","","","","","","","","","","","","","","","","","","","","","","","","","","","","","","","","","","","","","","","","","","","","","","","","","","","","","","","","","","","","","","","","","","","","","","","MET045METAR HSPN 270400Z 27009KT CAVOK 24/16 Q1014=","","","","","","","","","",""
"62641499999","2023-03-27T07:00:00","19.433639","37.234075","41.14","PORT SUDAN, SU","FM-15","4","29.94","61","73","","","","","65","","","","6.15","","320","","15","","","","","","","","","","","","","","","","","","","","","","","","","","","","","","","","","","","","","","","","","","","","","","","","","","","","","","","","","","","","","","","","","","","","","","","","","","","","","","","","","","","","","","","","","","","MET045METAR HSPN 270500Z 32013KT CAVOK 23/16 Q1014=","","","","","","","","","",""
"62641499999","2023-03-31T12:00:00","19.433639","37.234075","41.14","PORT SUDAN, SU","FM-15","4","29.91","59","82","","","","","45","SCT:04 30","","","6.21","","020","","16","","","","","","","","","","","","","","","","","","","","","","","","","","","","","","","","","","","","","","","","","","","","","","","","","","","","","","","","","","","","","","","","","","","","","","","","","","","","","","","","","","","","","","","","","","","MET051METAR HSPN 311000Z 02014KT 9999 SCT030 28/15 Q1013=","","","","","","","","","",""
"62641499999","2023-03-31T13:00:00","19.433639","37.234075","41.14","PORT SUDAN, SU","FM-15","4","29.91","63","84","","","","","48","","","","6.15","","360","","16","","","","","","","","","","","","","","","","","","","","","","","","","","","","","","","","","","","","","","","","","","","","","","","","","","","","","","","","","","","","","","","","","","","","","","","","","","","","","","","","","","","","","","","","","","","MET045METAR HSPN 311100Z 36014KT CAVOK 29/17 Q1013=","","","","","","","","","",""
"62641499999","2023-03-31T19:00:00","19.433639","37.234075","41.14","PORT SUDAN, SU","FM-15","4","29.91","63","81","","","","","54","","","","6.15","","320","","13","","","","","","","","","","","","","","","","","","","","","","","","","","","","","","","","","","","","","","","","","","","","","","","","","","","","","","","","","","","","","","","","","","","","","","","","","","","","","","","","","","","","","","","","","","","MET045METAR HSPN 311700Z 32011KT CAVOK 27/17 Q1013=","","","","","","","","","",""
"62641499999","2023-03-31T21:00:00","19.433639","37.234075","41.14","PORT SUDAN, SU","FM-15","4","29.94","63","77","","","","","61","SCT:04 30","","","6.21","","320","","16","","","","","","","","","","","","","","","","","","","","","","","","","","","","","","","","","","","","","","","","","","","","","","","","","","","","","","","","","","","","","","","","","","","","","","","","","","","","","","","","","","","","","","","","","","","MET051METAR HSPN 311900Z 32014KT 9999 SCT030 25/17 Q1014=","","","","","","","","","",""
"62641499999","2023-03-31T22:00:00","19.433639","37.234075","41.14","PORT SUDAN, SU","FM-15","4","29.94","","77","","","","","","","","","6.15","","340","","9","","","","","","","","","","","","","","","","","","","","","","","","","","","","","","","","","","","","","","","","","","","","","","","","","","","","","","","","","","","","","","","","","","","","","","","","","","","","","","","","","","","","","","","","","","","MET046METAR HSPN 312000Z 34008KT CAVOK 25/M15 Q1014=","","","","","","","","","",""
"62641499999","2023-04-01T01:00:00","19.433639","37.234075","41.14","PORT SUDAN, SU","FM-15","4","29.91","61","73","","","","","65","","","","6.15","","270","","7","","","","","","","","","","","","","","","","","","","","","","","","","","","","","","","","","","","","","","","","","","","","","","","","","","","","","","","","","","","","","","","","","","","","","","","","","","","","","","","","","","","","","","","","","","","MET045METAR HSPN 312300Z 27006KT CAVOK 23/16 Q1013=","","","","","","","","","",""
"62641499999","2023-04-01T09:00:00","19.433639","37.234075","41.14","PORT SUDAN, SU","FM-15","4","30.00","63","77","","","","","61","","","","6.15","","360","","16","","","","","","","","","","","","","","","","","","","","","","","","","","","","","","","","","","","","","","","","","","","","","","","","","","","","","","","","","","","","","","","","","","","","","","","","","","","","","","","","","","","","","","","","","","","MET045METAR HSPN 010700Z 36014KT CAVOK 25/17 Q1016=","","","","","","","","","",""
"62641499999","2023-04-01T10:00:00","19.433639","37.234075","41.14","PORT SUDAN, SU","FM-15","4","29.97","63","79","","","","","58","","","","6.15","","020","","16","","","","","","","","","","","","","","","","","","","","","","","","","","","","","","","","","","","","","","","","","","","","","","","","","","","","","","","","","","","","","","","","","","","","","","","","","","","","","","","","","","","","","","","","","","","MET045METAR HSPN 010800Z 02014KT CAVOK 26/17 Q1015=","","","","","","","","","",""
"62641499999","2023-04-02T12:00:00","19.433639","37.234075","41.14","PORT SUDAN, SU","FM-15","4","29.91","59","81","","","","","48","","","","6.15","","050","","13","","","","","","","","","","","","","","","","","","","","","","","","","","","","","","","","","","","","","","","","","","","","","","","","","","","","","","","","","","","","","","","","","","","","","","","","","","","","","","","","","","","","","","","","","","","MET045METAR HSPN 021000Z 05011KT CAVOK 27/15 Q1013=","","","","","","","","","",""
"62641499999","2023-04-02T13:00:00","19.433639","37.234075","41.14","PORT SUDAN, SU","FM-15","4","29.91","61","82","","","","","48","","","","6.15","","060","","14","","","","","","","","","","","","","","","","","","","","","","","","","","","","","","","","","","","","","","","","","","","","","","","","","","","","","","","","","","","","","","","","","","","","","","","","","","","","","","","","","","","","","","","","","","","MET045METAR HSPN 021100Z 06012KT CAVOK 28/16 Q1013=","","","","","","","","","",""
"62641499999","2023-04-02T15:00:00","19.433639","37.234075","41.14","PORT SUDAN, SU","FM-15","4","29.85","63","81","","","","","54","","","","6.15","","050","","16","","","","","","","","","","","","","","","","","","","","","","","","","","","","","","","","","","","","","","","","","","","","","","","","","","","","","","","","","","","","","","","","","","","","","","","","","","","","","","","","","","","","","","","","","","","MET045METAR HSPN 021300Z 05014KT CAVOK 27/17 Q1011=","","","","","","","","","",""
"62641499999","2023-04-02T19:00:00","19.433639","37.234075","41.14","PORT SUDAN, SU","FM-15","4","29.91","66","77","","","","","69","","","","6.15","","360","","5","","","","","","","","","","","","","","","","","","","","","","","","","","","","","","","","","","","","","","","","","","","","","","","","","","","","","","","","","","","","","","","","","","","","","","","","","","","","","","","","","","","","","","","","","","","MET045METAR HSPN 021700Z 36004KT CAVOK 25/19 Q1013=","","","","","","","","","",""
"62641499999","2023-04-02T21:00:00","19.433639","37.234075","41.14","PORT SUDAN, SU","FM-15","4","29.91","64","75","","","","","69","","","","6.15","","340","","2","","","","","","","","","","","","","","","","","","","","","","","","","","","","","","","","","","","","","","","","","","","","","","","","","","","","","","","","","","","","","","","","","","","","","","","","","","","","","","","","","","","","","","","","","","","MET045METAR HSPN 021900Z 34002KT CAVOK 24/18 Q1013=","","","","","","","","","",""
"62641499999","2023-04-03T04:00:00","19.433639","37.234075","41.14","PORT SUDAN, SU","FM-15","4","29.85","61","68","","","","","78","","","","6.15","","310","","6","","","","","","","","","","","","","","","","","","","","","","","","","","","","","","","","","","","","","","","","","","","","","","","","","","","","","","","","","","","","","","","","","","","","","","","","","","","","","","","","","","","","","","","","","","","MET045METAR HSPN 030200Z 31005KT CAVOK 20/16 Q1011=","","","","","","","","","",""
"62641499999","2023-04-03T07:00:00","19.433639","37.234075","41.14","PORT SUDAN, SU","FM-15","4","29.88","61","72","","","","","69","","","","6.15","","340","","7","","","","","","","","","","","","","","","","","","","","","","","","","","","","","","","","","","","","","","","","","","","","","","","","","","","","","","","","","","","","","","","","","","","","","","","","","","","","","","","","","","","","","","","","","","","MET045METAR HSPN 030500Z 34006KT CAVOK 22/16 Q1012=","","","","","","","","","",""
"62641499999","2023-04-03T10:00:00","19.433639","37.234075","41.14","PORT SUDAN, SU","FM-15","4","29.88","54","81","","","","","39","","","","6.15","","360","","8","","","","","","","","","","","","","","","","","","","","","","","","","","","","","","","","","","","","","","","","","","","","","","","","","","","","","","","","","","","","","","","","","","","","","","","","","","","","","","","","","","","","","","","","","","","MET045METAR HSPN 030800Z 36007KT CAVOK 27/12 Q1012=","","","","","","","","","",""
"62641499999","2023-04-03T12:00:00","19.433639","37.234075","41.14","PORT SUDAN, SU","FM-15","4","29.85","55","82","","","","","40","","","","6.15","","020","","7","","","","","","","","","","","","","","","","","","","","","","","","","","","","","","","","","","","","","","","","","","","","","","","","","","","","","","","","","","","","","","","","","","","","","","","","","","","","","","","","","","","","","","","","","","","MET045METAR HSPN 031000Z 02006KT CAVOK 28/13 Q1011=","","","","","","","","","",""
"62641499999","2023-04-03T13:00:00","19.433639","37.234075","41.14","PORT SUDAN, SU","FM-15","4","29.83","57","84","","","","","40","","","","6.15","","050","","10","","","","","","","","","","","","","","","","","","","","","","","","","","","","","","","","","","","","","","","","","","","","","","","","","","","","","","","","","","","","","","","","","","","","","","","","","","","","","","","","","","","","","","","","","","","MET045METAR HSPN 031100Z 05009KT CAVOK 29/14 Q1010=","","","","","","","","","",""
"62641499999","2023-04-03T15:00:00","19.433639","37.234075","41.14","PORT SUDAN, SU","FM-15","4","29.80","59","84","","","","","43","","","","6.15","","060","","13","","","","","","","","","","","","","","","","","","","","","","","","","","","","","","","","","","","","","","","","","","","","","","","","","","","","","","","","","","","","","","","","","","","","","","","","","","","","","","","","","","","","","","","","","","","MET045METAR HSPN 031300Z 06011KT CAVOK 29/15 Q1009=","","","","","","","","","",""
"62641499999","2023-04-04T15:00:00","19.433639","37.234075","41.14","PORT SUDAN, SU","FM-15","4","29.80","59","86","","","","","40","","","","6.15","","230","","8","","","","","","","","","","","","","","","","","","","","","","","","","","","","","","","","","","","","","","","","","","","","","","","","","","","","","","","","","","","","","","","","","","","","","","","","","","","","","","","","","","","","","","","","","","","MET045METAR HSPN 041300Z 23007KT CAVOK 30/15 Q1009=","","","","","","","","","",""
"62641499999","2023-04-04T16:00:00","19.433639","37.234075","41.14","PORT SUDAN, SU","FM-15","4","29.80","59","84","","","","","43","","","","6.15","","360","","11","","","","","","","","","","","","","","","","","","","","","","","","","","","","","","","","","","","","","","","","","","","","","","","","","","","","","","","","","","","","","","","","","","","","","","","","","","","","","","","","","","","","","","","","","","","MET045METAR HSPN 041400Z 36010KT CAVOK 29/15 Q1009=","","","","","","","","","",""
"62641499999","2023-04-04T18:00:00","19.433639","37.234075","41.14","PORT SUDAN, SU","FM-15","4","29.83","59","81","","","","","48","","","","6.15","","020","","10","","","","","","","","","","","","","","","","","","","","","","","","","","","","","","","","","","","","","","","","","","","","","","","","","","","","","","","","","","","","","","","","","","","","","","","","","","","","","","","","","","","","","","","","","","","MET045METAR HSPN 041600Z 02009KT CAVOK 27/15 Q1010=","","","","","","","","","",""
"62641499999","2023-04-04T19:00:00","19.433639","37.234075","41.14","PORT SUDAN, SU","FM-15","4","29.83","59","81","","","","","48","","","","6.15","","090","","6","","","","","","","","","","","","","","","","","","","","","","","","","","","","","","","","","","","","","","","","","","","","","","","","","","","","","","","","","","","","","","","","","","","","","","","","","","","","","","","","","","","","","","","","","","","MET045METAR HSPN 041700Z 09005KT CAVOK 27/15 Q1010=","","","","","","","","","",""
"62641499999","2023-04-04T21:00:00","19.433639","37.234075","41.14","PORT SUDAN, SU","FM-15","4","29.83","59","77","","","","","54","","","","6.15","","090","","6","","","","","","","","","","","","","","","","","","","","","","","","","","","","","","","","","","","","","","","","","","","","","","","","","","","","","","","","","","","","","","","","","","","","","","","","","","","","","","","","","","","","","","","","","","","MET045METAR HSPN 041900Z 09005KT CAVOK 25/15 Q1010=","","","","","","","","","",""
"62641499999","2023-04-04T22:00:00","19.433639","37.234075","41.14","PORT SUDAN, SU","FM-15","4","29.88","59","77","","","","","54","","","","6.15","","020","","6","","","","","","","","","","","","","","","","","","","","","","","","","","","","","","","","","","","","","","","","","","","","","","","","","","","","","","","","","","","","","","","","","","","","","","","","","","","","","","","","","","","","","","","","","","","MET045METAR HSPN 042000Z 02005KT CAVOK 25/15 Q1012=","","","","","","","","","",""
"62641499999","2023-04-05T12:00:00","19.433639","37.234075","41.14","PORT SUDAN, SU","FM-15","4","29.85","59","84","","","","","43","SCT:04 30","","","6.21","","090","","15","","","","","","","","","","","","","","","","","","","","","","","","","","","","","","","","","","","","","","","","","","","","","","","","","","","","","","","","","","","","","","","","","","","","","","","","","","","","","","","","","","","","","","","","","","","MET051METAR HSPN 051000Z 09013KT 9999 SCT030 29/15 Q1011=","","","","","","","","","",""
"62641499999","2023-04-05T13:00:00","19.433639","37.234075","41.14","PORT SUDAN, SU","FM-15","4","29.85","59","84","","","","","43","SCT:04 30","","","6.21","","090","","16","","","","","","","","","","","","","","","","","","","","","","","","","","","","","","","","","","","","","","","","","","","","","","","","","","","","","","","","","","","","","","","","","","","","","","","","","","","","","","","","","","","","","","","","","","","MET051METAR HSPN 051100Z 09014KT 9999 SCT030 29/15 Q1011=","","","","","","","","","",""
"62641499999","2023-04-05T15:00:00","19.433639","37.234075","41.14","PORT SUDAN, SU","FM-15","4","29.80","61","84","","","","","45","","","","6.15","","040","","17","","","","","","","","","","","","","","","","","","","","","","","","","","","","","","","","","","","","","","","","","","","","","","","","","","","","","","","","","","","","","","","","","","","","","","","","","","","","","","","","","","","","","","","","","","","MET045METAR HSPN 051300Z 04015KT CAVOK 29/16 Q1009=","","","","","","","","","",""
"62641499999","2023-04-05T21:00:00","19.433639","37.234075","41.14","PORT SUDAN, SU","FM-15","4","29.88","59","77","","","","","54","","","","6.15","","340","","8","","","","","","","","","","","","","","","","","","","","","","","","","","","","","","","","","","","","","","","","","","","","","","","","","","","","","","","","","","","","","","","","","","","","","","","","","","","","","","","","","","","","","","","","","","","MET045METAR HSPN 051900Z 34007KT CAVOK 25/15 Q1012=","","","","","","","","","",""
"62641499999","2023-04-05T22:00:00","19.433639","37.234075","41.14","PORT SUDAN, SU","FM-15","4","29.88","61","75","","","","","61","","","","6.15","","320","","7","","","","","","","","","","","","","","","","","","","","","","","","","","","","","","","","","","","","","","","","","","","","","","","","","","","","","","","","","","","","","","","","","","","","","","","","","","","","","","","","","","","","","","","","","","","MET045METAR HSPN 052000Z 32006KT CAVOK 24/16 Q1012=","","","","","","","","","",""
"62641499999","2023-04-06T09:00:00","19.433639","37.234075","41.14","PORT SUDAN, SU","FM-15","4","29.88","","79","","","","","","","","","6.15","","360","","16","","","","","","","","","","","","","","","","","","","","","","","","","","","","","","","","","","","","","","","","","","","","","","","","","","","","","","","","","","","","","","","","","","","","","","","","","","","","","","","","","","","","","","","","","","","MET046METAR HSPN 060700Z 36014KT CAVOK 26/M15 Q1012=","","","","","","","","","",""
"62641499999","2023-04-06T21:00:00","19.433639","37.234075","41.14","PORT SUDAN, SU","FM-15","4","29.85","70","77","","","","","79","","","","6.15","","360","","7","","","","","","","","","","","","","","","","","","","","","","","","","","","","","","","","","","","","","","","","","","","","","","","","","","","","","","","","","","","","","","","","","","","","","","","","","","","","","","","","","","","","","","","","","","","MET045METAR HSPN 061900Z 36006KT CAVOK 25/21 Q1011=","","","","","","","","","",""
"62641499999","2023-04-09T10:00:00","19.433639","37.234075","41.14","PORT SUDAN, SU","FM-15","4","29.83","70","81","","","","","70","SCT:04 30","","","6.21","","020","","8","","","","","","","","","","","","","","","","","","","","","","","","","","","","","","","","","","","","","","","","","","","","","","","","","","","","","","","","","","","","","","","","","","","","","","","","","","","","","","","","","","","","","","","","","","","MET051METAR HSPN 090800Z 02007KT 9999 SCT030 27/21 Q1010=","","","","","","","","","",""
"62641499999","2023-04-10T09:00:00","19.433639","37.234075","41.14","PORT SUDAN, SU","FM-15","4","29.77","72","81","","","","","74","","","","","","020","","7","","","","","","","","","","","","","","","","","","","","","","","","","","","","","","","","","","","","","","","","","","","","","","","","","","","","","","","","","","","","","","","","","","","","","","","","","","","","","","","","","","","","","","","","","","","MET050METAR HSPN 100700Z 02006KT 9999FEW030 27/22 Q1008=","","","","","","","","","",""
"62641499999","2023-04-10T15:00:00","19.433639","37.234075","41.14","PORT SUDAN, SU","FM-15","4","29.74","70","86","","","","","59","","","","6.15","","360","","8","","","","","","","","","","","","","","","","","","","","","","","","","","","","","","","","","","","","","","","","","","","","","","","","","","","","","","","","","","","","","","","","","","","","","","","","","","","","","","","","","","","","","","","","","","","MET045METAR HSPN 101300Z 36007KT CAVOK 30/21 Q1007=","","","","","","","","","",""
"62641499999","2023-04-10T16:00:00","19.433639","37.234075","41.14","PORT SUDAN, SU","FM-15","4","29.74","70","86","","","","","59","","","","6.15","","360","","10","","","","","","","","","","","","","","","","","","","","","","","","","","","","","","","","","","","","","","","","","","","","","","","","","","","","","","","","","","","","","","","","","","","","","","","","","","","","","","","","","","","","","","","","","","","MET045METAR HSPN 101400Z 36009KT CAVOK 30/21 Q1007=","","","","","","","","","",""
"62641499999","2023-04-10T19:00:00","19.433639","37.234075","41.14","PORT SUDAN, SU","FM-15","4","29.71","70","81","","","","","70","","","","6.15","","020","","8","","","","","","","","","","","","","","","","","","","","","","","","","","","","","","","","","","","","","","","","","","","","","","","","","","","","","","","","","","","","","","","","","","","","","","","","","","","","","","","","","","","","","","","","","","","MET045METAR HSPN 101700Z 02007KT CAVOK 27/21 Q1006=","","","","","","","","","",""
"62641499999","2023-04-11T00:00:00","19.433639","37.234075","41.14","PORT SUDAN, SU","FM-15","4","29.71","73","81","","","","","79","","","","6.15","","020","","5","","","","","","","","","","","","","","","","","","","","","","","","","","","","","","","","","","","","","","","","","","","","","","","","","","","","","","","","","","","","","","","","","","","","","","","","","","","","","","","","","","","","","","","","","","","MET045METAR HSPN 102200Z 02004KT CAVOK 27/23 Q1006=","","","","","","","","","",""
"62641499999","2023-04-11T15:00:00","19.433639","37.234075","41.14","PORT SUDAN, SU","FM-15","4","29.65","75","90","","","","","63","","","","4.97","","140","","18","","","","","","","","","","","","","","","","","","","","","","","","","","","","","","","","","","","","","","","","","","","","","","","","","","","","","","","","","","","","","","","","","","","","","","","","","","","","","","","","","","","","","","","","","","","MET050METAR HSPN 111300Z 14016KT 8000 32/24 Q1004 NOSIG=","","","","","","","","","",""
"62641499999","2023-04-11T16:00:00","19.433639","37.234075","41.14","PORT SUDAN, SU","FM-15","4","29.65","73","88","","","","","62","","","","4.97","","140","","16","","","","","","","","","","","","","","","","","","","","","","","","","","","","","","","","","","","","","","","","","","","","","","","","","","","","","","","","","","","","","","","","","","","","","","","","","","","","","","","","","","","","","","","","","","","MET050METAR HSPN 111400Z 14014KT 8000 31/23 Q1004 NOSIG=","","","","","","","","","",""
"62641499999","2023-04-11T22:00:00","19.433639","37.234075","41.14","PORT SUDAN, SU","FM-15","4","29.68","72","82","","","","","70","","","","6.15","","340","","9","","","","","","","","","","","","","","","","","","","","","","","","","","","","","","","","","","","","","","","","","","","","","","","","","","","","","","","","","","","","","","","","","","","","","","","","","","","","","","","","","","","","","","","","","","","MET045METAR HSPN 112000Z 34008KT CAVOK 28/22 Q1005=","","","","","","","","","",""
"62641499999","2023-04-12T00:00:00","19.433639","37.234075","41.14","PORT SUDAN, SU","FM-15","4","29.65","59","81","","","","","48","","","","6.15","","270","","6","","","","","","","","","","","","","","","","","","","","","","","","","","","","","","","","","","","","","","","","","","","","","","","","","","","","","","","","","","","","","","","","","","","","","","","","","","","","","","","","","","","","","","","","","","","MET045METAR HSPN 112200Z 27005KT CAVOK 27/15 Q1004=","","","","","","","","","",""
"62641499999","2023-04-12T03:00:00","19.433639","37.234075","41.14","PORT SUDAN, SU","FM-15","4","29.65","70","79","","","","","74","","","","6.15","","320","","7","","","","","","","","","","","","","","","","","","","","","","","","","","","","","","","","","","","","","","","","","","","","","","","","","","","","","","","","","","","","","","","","","","","","","","","","","","","","","","","","","","","","","","","","","","","MET045METAR HSPN 120100Z 32006KT CAVOK 26/21 Q1004=","","","","","","","","","",""
"62641499999","2023-04-12T04:00:00","19.433639","37.234075","41.14","PORT SUDAN, SU","FM-15","4","29.65","72","79","","","","","79","","","","6.15","","340","","8","","","","","","","","","","","","","","","","","","","","","","","","","","","","","","","","","","","","","","","","","","","","","","","","","","","","","","","","","","","","","","","","","","","","","","","","","","","","","","","","","","","","","","","","","","","MET045METAR HSPN 120200Z 34007KT CAVOK 26/22 Q1004=","","","","","","","","","",""
"62641499999","2023-04-12T06:00:00","19.433639","37.234075","41.14","PORT SUDAN, SU","FM-15","4","29.71","72","79","","","","","79","SCT:04 30","","","6.21","","360","","14","","","","","","","","","","","","","","","","","","","","","","","","","","","","","","","","","","","","","","","","","","","","","","","","","","","","","","","","","","","","","","","","","","","","","","","","","","","","","","","","","","","","","","","","","","","MET051METAR HSPN 120400Z 36012KT 9999 SCT030 26/22 Q1006=","","","","","","","","","",""
"62641499999","2023-04-12T07:00:00","19.433639","37.234075","41.14","PORT SUDAN, SU","FM-15","4","29.74","73","81","","","","","79","BKN:07 30","","","6.21","","360","","14","","","","","","","","","","","","","","","","","","","","","","","","","","","","","","","","","","","","","","","","","","","","","","","","","","","","","","","","","","","","","","","","","","","","","","","","","","","","","","","","","","","","","","","","","","","MET051METAR HSPN 120500Z 36012KT 9999 BKN030 27/23 Q1007=","","","","","","","","","",""
"62641499999","2023-04-12T09:00:00","19.433639","37.234075","41.14","PORT SUDAN, SU","FM-15","4","29.77","73","86","","","","","66","BKN:07 30","","","6.21","","360","","17","","","","","","","","","","","","","","","","","","","","","","","","","","","","","","","","","","","","","","","","","","","","","","","","","","","","","","","","","","","","","","","","","","","","","","","","","","","","","","","","","","","","","","","","","","","MET051METAR HSPN 120700Z 36015KT 9999 BKN030 30/23 Q1008=","","","","","","","","","",""
"62641499999","2023-04-12T12:00:00","19.433639","37.234075","41.14","PORT SUDAN, SU","FM-15","4","29.77","79","86","","","","","79","FEW:02 30","","","4.97","","360","","25","","","","","","","","","","","","","","","","","","","","","","","","","","","","","","","","","","","","","","","","","","","","","","","","","","","","","","","","","","","","","","","","","","","","","","","","","","","","","","","","","","","","","","","","","","","MET051METAR HSPN 121000Z 36022KT 8000 FEW030 30/26 Q1008=","","","","","","","","","",""
"62641499999","2023-04-12T13:00:00","19.433639","37.234075","41.14","PORT SUDAN, SU","FM-15","4","29.77","73","86","","","","","66","FEW:02 30","","","3.73","","020","","21","","","","","","","","","","","","","","","","","","","","","","","","","","","","","","","","","","","","","","","","","","","","","","","","","","","","","","","","","","","","","","","","","","","","","","","","","","","","","","","","","","","","","","","","","","","MET051METAR HSPN 121100Z 02018KT 6000 FEW030 30/23 Q1008=","","","","","","","","","",""
"62641499999","2023-04-12T22:00:00","19.433639","37.234075","41.14","PORT SUDAN, SU","FM-15","4","29.91","64","79","","","","","61","","","","","","360","","17","","","","","","","","","","","","","","","","","","","","","","","","","","","","","","","","","","","","","","","","","","","","","","","","","","","","","","","","","","","","","","","","","","","","","","","","","","","","","","","","","","","","","","","","","","","MET047METAR HSPN 122000Z 36015KT 8000SCT 26/18 Q1013=","","","","","","","","","",""
"62641499999","2023-04-13T10:00:00","19.433639","37.234075","41.14","PORT SUDAN, SU","FM-15","4","30.00","63","79","","","","","58","","","","3.73","","360","","17","","","","","","","","","","","","","","","","","","","","","","","","","","","","","","","","","","","","","","","","","","","","","","","","","","","","","","","","","","","","","","","","","","","","","","","","","","","","","","","","","","","","","","","","","","","MET044METAR HSPN 130800Z 36015KT 6000 26/17 Q1016=","","","","","","","","","",""
"62641499999","2023-04-13T12:00:00","19.433639","37.234075","41.14","PORT SUDAN, SU","FM-15","4","29.94","59","82","","","","","45","","","","3.73","","360","","16","","","","","","","","","","","","","","","","","","","","","","","","","","","","","","","","","","","","","","","","","","","","","","","","","","","","","","","","","","","","","","","","","","","","","","","","","","","","","","","","","","","","","","","","","","","MET044METAR HSPN 131000Z 36014KT 6000 28/15 Q1014=","","","","","","","","","",""
"62641499999","2023-04-13T13:00:00","19.433639","37.234075","41.14","PORT SUDAN, SU","FM-15","4","29.94","59","82","","","","","45","","","","3.73","","020","","16","","","","","","","","","","","","","","","","","","","","","","","","","","","","","","","","","","","","","","","","","","","","","","","","","","","","","","","","","","","","","","","","","","","","","","","","","","","","","","","","","","","","","","","","","","","MET044METAR HSPN 131100Z 02014KT 6000 28/15 Q1014=","","","","","","","","","",""
"62641499999","2023-04-13T15:00:00","19.433639","37.234075","41.14","PORT SUDAN, SU","FM-15","4","29.91","63","81","","","","","54","","","","3.73","","020","","16","","","","","","","","","","","","","","","","","","","","","","","","","","","","","","","","","","","","","","","","","","","","","","","","","","","","","","","","","","","","","","","","","","","","","","","","","","","","","","","","","","","","","","","","","","","MET044METAR HSPN 131300Z 02014KT 6000 27/17 Q1013=","","","","","","","","","",""
"62641499999","2023-04-13T16:00:00","19.433639","37.234075","41.14","PORT SUDAN, SU","FM-15","4","29.91","63","79","","","","","58","","","","3.73","","020","","16","","","","","","","","","","","","","","","","","","","","","","","","","","","","","","","","","","","","","","","","","","","","","","","","","","","","","","","","","","","","","","","","","","","","","","","","","","","","","","","","","","","","","","","","","","","MET044METAR HSPN 131400Z 02014KT 6000 26/17 Q1013=","","","","","","","","","",""
"62641499999","2023-04-13T18:00:00","19.433639","37.234075","41.14","PORT SUDAN, SU","FM-15","4","29.94","61","77","","","","","57","","","","6.15","","360","","14","","","","","","","","","","","","","","","","","","","","","","","","","","","","","","","","","","","","","","","","","","","","","","","","","","","","","","","","","","","","","","","","","","","","","","","","","","","","","","","","","","","","","","","","","","","MET045METAR HSPN 131600Z 36012KT CAVOK 25/16 Q1014=","","","","","","","","","",""
"62641499999","2023-04-13T19:00:00","19.433639","37.234075","41.14","PORT SUDAN, SU","FM-15","4","29.94","63","75","","","","","65","","","","6.15","","360","","14","","","","","","","","","","","","","","","","","","","","","","","","","","","","","","","","","","","","","","","","","","","","","","","","","","","","","","","","","","","","","","","","","","","","","","","","","","","","","","","","","","","","","","","","","","","MET045METAR HSPN 131700Z 36012KT CAVOK 24/17 Q1014=","","","","","","","","","",""
"62641499999","2023-04-14T00:00:00","19.433639","37.234075","41.14","PORT SUDAN, SU","FM-15","4","29.94","41","72","","","","","33","","","","6.15","","360","","9","","","","","","","","","","","","","","","","","","","","","","","","","","","","","","","","","","","","","","","","","","","","","","","","","","","","","","","","","","","","","","","","","","","","","","","","","","","","","","","","","","","","","","","","","","","MET044METAR HSPN 132200Z 36008KT CAVOK 22/5 Q1014=","","","","","","","","","",""
"62641499999","2023-04-14T04:00:00","19.433639","37.234075","41.14","PORT SUDAN, SU","FM-15","4","29.94","55","70","","","","","60","","","","6.15","","340","","7","","","","","","","","","","","","","","","","","","","","","","","","","","","","","","","","","","","","","","","","","","","","","","","","","","","","","","","","","","","","","","","","","","","","","","","","","","","","","","","","","","","","","","","","","","","MET045METAR HSPN 140200Z 34006KT CAVOK 21/13 Q1014=","","","","","","","","","",""
"62641499999","2023-04-14T09:00:00","19.433639","37.234075","41.14","PORT SUDAN, SU","FM-15","4","30.00","63","81","","","","","54","","","","6.15","","360","","9","","","","","","","","","","","","","","","","","","","","","","","","","","","","","","","","","","","","","","","","","","","","","","","","","","","","","","","","","","","","","","","","","","","","","","","","","","","","","","","","","","","","","","","","","","","MET045METAR HSPN 140700Z 36008KT CAVOK 27/17 Q1016=","","","","","","","","","",""
